종목별,현재가,전일비,등락률,거래량,거래대금 (백만),시가총액 (억)
삼성전자,"269,500","상승 22,000",+8.89%,"13,112,804","3,458,183","15,755,721"
SK하이닉스,"1,678,000","상승 178,000",+11.87%,"2,623,668","4,323,491","12,257,662"
SK스퀘어,"1,091,000","상승 87,000",+8.67%,"448,285","479,712","1,439,291"
삼성전기,"1,389,000","상승 2,000",+0.14%,"446,555","618,676","1,037,495"
현대차,"420,500","상승 6,500",+1.57%,"218,906","91,418","861,006"
LG에너지솔루션,"361,500","상승 4,000",+1.12%,"128,555","46,611","845,910"
삼성바이오로직스,"1,585,000","상승 41,000",+2.66%,"29,382","46,334","733,712"
한화에어로스페이스,"1,193,000","상승 16,000",+1.36%,"124,542","145,401","615,151"
삼성생명,"298,000","상승 22,000",+7.97%,"279,350","81,845","596,000"
삼성물산,"368,500","상승 21,500",+6.20%,"223,430","81,379","597,588"
KB금융,"162,000","하락 4,400",-2.64%,"487,513","79,062","574,594"
기아,"133,000",보합 0,0.00%,"305,456","40,631","519,249"
HD현대중공업,"476,500","상승 2,500",+0.53%,"71,009","33,859","500,140"
두산에너빌리티,"76,350",상승 150,+0.20%,"684,534","52,311","489,068"
신한지주,"103,100","하락 1,900",-1.81%,"371,666","38,427","484,003"
현대모비스,"511,000","상승 2,000",+0.39%,"111,136","56,343","463,643"
셀트리온,"198,700","상승 4,600",+2.37%,"245,515","48,601","462,210"
SK,"578,000","상승 27,000",+4.90%,"72,548","41,568","419,066"
삼성SDI,"508,000","상승 21,000",+4.31%,"202,276","102,732","409,374"
하나금융지주,"125,800","하락 1,700",-1.33%,"283,878","35,827","345,155"
NAVER,"219,500","상승 11,500",+5.53%,"612,597","133,617","344,566"
LG전자,"202,250",상승 750,+0.37%,"290,890","59,127","329,434"
LS ELECTRIC,"200,000","하락 2,000",-0.99%,"270,243","53,968","300,000"
삼성화재,"620,000","상승 7,000",+1.14%,"24,430","14,972","276,814"
한화오션,"88,800",상승 700,+0.79%,"275,385","24,551","272,095"
고려아연,"1,296,000","상승 151,000",+13.19%,"30,466","38,728","270,514"
HD현대일렉트릭,"743,000","하락 9,000",-1.20%,"42,601","31,711","267,830"
효성중공업,"2,863,000","하락 45,000",-1.55%,"13,467","38,640","266,962"
POSCO홀딩스,"326,000","상승 6,000",+1.88%,"108,197","35,387","258,327"
HD한국조선해양,"364,000","하락 3,000",-0.82%,"43,109","15,796","257,614"
우리금융지주,"32,150","하락 1,350",-4.03%,"985,938","32,021","234,081"
SK이노베이션,"126,950","하락 1,950",-1.51%,"200,765","25,751","214,613"
한미반도체,"223,000","상승 2,000",+0.90%,"343,958","76,613","212,546"
SK텔레콤,"98,200",상승 200,+0.20%,"591,562","57,691","210,924"
한국전력,"32,050","상승 1,200",+3.89%,"902,703","28,744","205,749"
미래에셋증권,"36,250","상승 1,550",+4.47%,"652,517","23,556","202,843"
HMM,"21,350",하락 350,-1.61%,"503,061","10,797","201,381"
메리츠금융지주,"116,200","상승 1,000",+0.87%,"79,545","9,276","194,458"
LG화학,"271,000","상승 5,000",+1.88%,"66,200","17,999","191,305"
두산,"1,183,000","하락 10,000",-0.84%,"22,256","26,269","191,573"
삼성중공업,"21,000",상승 400,+1.94%,"787,358","16,468","184,800"
삼성에스디에스,"235,000","상승 9,000",+3.98%,"85,923","20,092","181,838"
KT&G,"172,100","하락 3,400",-1.94%,"86,412","14,858","178,658"
HD현대,"222,500","하락 5,500",-2.41%,"50,330","11,298","175,760"
LIG디펜스앤에어로스페이스,"792,000","하락 4,000",-0.50%,"38,123","29,805","174,240"
카카오,"38,900","상승 1,500",+4.01%,"1,317,812","51,169","172,320"
LG,"110,700",상승 500,+0.45%,"86,224","9,579","167,370"
S-Oil,"146,300","하락 5,300",-3.50%,"91,947","13,560","164,709"
기업은행,"20,100",하락 200,-0.99%,"391,050","7,874","160,283"
현대로템,"138,700","상승 2,400",+1.76%,"131,050","17,998","151,380"
현대글로비스,"200,500","하락 3,000",-1.47%,"46,824","9,415","150,375"
포스코퓨처엠,"165,600","상승 5,300",+3.31%,"126,108","21,026","147,295"
한화시스템,"75,600",하락 400,-0.53%,"148,967","11,207","142,823"
LG이노텍,"596,000","하락 7,000",-1.16%,"118,410","71,141","141,056"
에이피알,"373,000","하락 10,500",-2.74%,"165,541","61,687","139,644"
한국항공우주,"135,800",상승 100,+0.07%,"89,502","12,129","132,371"
KT,"52,300",하락 300,-0.57%,"95,466","4,996","131,807"
현대건설,"114,900","하락 1,600",-1.37%,"234,496","26,928","127,948"
현대오토에버,"451,500","상승 15,000",+3.44%,"36,130","16,099","123,819"
DB손해보험,"180,500","하락 7,000",-3.73%,"70,565","12,762","118,228"
GS,"116,800","하락 2,900",-2.42%,"197,143","23,527","108,502"
삼양식품,"1,398,000","상승 94,000",+7.21%,"50,429","69,557","105,312"
한국금융지주,"187,500","상승 4,400",+2.40%,"97,420","18,249","104,486"
크래프톤,"224,500","상승 3,000",+1.35%,"45,574","10,249","103,579"
카카오뱅크,"21,575",상승 75,+0.35%,"319,379","6,915","102,939"
LS,"317,500","하락 15,500",-4.65%,"93,048","30,032","99,060"
NH투자증권,"26,800",상승 750,+2.88%,"188,573","5,034","98,947"
삼성E&A,"48,850",상승 350,+0.72%,"706,828","34,618","95,746"
삼성에피스홀딩스,"376,500","상승 13,000",+3.58%,"33,011","12,414","93,685"
HD현대마린솔루션,"208,000","하락 1,500",-0.72%,"24,457","5,088","93,254"
대한항공,"25,200",상승 150,+0.60%,"747,775","18,801","92,792"
포스코인터내셔널,"52,600","상승 1,900",+3.75%,"468,248","24,294","92,535"
한국타이어앤테크놀로지,"66,600","하락 1,500",-2.20%,"86,041","5,764","82,501"
삼성증권,"92,500","상승 7,500",+8.82%,"588,218","53,760","82,602"
아모레퍼시픽,"136,100","상승 3,000",+2.25%,"101,255","13,748","79,609"
한화솔루션,"35,300",상승 650,+1.88%,"1,827,387","65,641","79,387"
한진칼,"116,200",하락 100,-0.09%,"26,415","3,079","77,578"
이수페타시스,"103,400","하락 1,000",-0.96%,"299,453","31,083","75,905"
하이브,"175,400","상승 3,200",+1.86%,"93,538","16,423","75,609"
LG씨엔에스,"74,100","상승 3,100",+4.37%,"468,321","34,672","71,792"
키움증권,"273,000","상승 7,500",+2.82%,"45,552","12,424","71,603"
대우건설,"17,000",하락 200,-1.16%,"1,476,249","25,188","69,854"
SK바이오팜,"87,200","상승 1,900",+2.23%,"64,004","5,589","68,289"
코웨이,"94,100",상승 600,+0.64%,"51,457","4,846","66,592"
유한양행,"83,600","상승 4,000",+5.03%,"153,073","12,649","66,585"
LG유플러스,"14,790",상승 60,+0.41%,"242,012","3,580","62,773"
카카오페이,"45,200","상승 3,950",+9.58%,"381,542","17,395","61,143"
HD건설기계,"124,400","하락 4,800",-3.72%,"83,288","10,532","59,615"
한화,"83,800",보합 0,0.00%,0,0,"59,086"
두산밥캣,"59,600","하락 2,200",-3.56%,"96,286","5,815","57,130"
대한전선,"28,600",상승 600,+2.14%,"523,012","14,940","56,054"
OCI홀딩스,"291,500","상승 14,000",+5.05%,"239,851","70,770","54,424"
산일전기,"177,600","상승 1,900",+1.08%,"48,253","8,539","54,422"
삼성카드,"46,550",하락 200,-0.43%,"38,221","1,784","53,932"
한미약품,"394,500","상승 6,000",+1.54%,"36,649","14,410","50,539"
JB금융지주,"26,900",하락 300,-1.10%,"76,220","2,059","50,174"
오리온,"125,200","상승 1,100",+0.89%,"26,514","3,328","49,490"
LG디스플레이,"9,720",상승 130,+1.36%,"1,268,047","12,347","48,600"
NC,"223,500","상승 4,000",+1.82%,"23,914","5,342","48,151"
한화생명,"5,460",상승 120,+2.25%,"1,551,520","8,422","47,422"
두산로보틱스,"72,400",상승 900,+1.26%,"156,061","11,336","46,930"
LG생활건강,"305,000","상승 3,000",+0.99%,"24,680","7,536","45,675"
엘앤에프,"110,200","상승 5,200",+4.95%,"222,655","24,806","44,834"
BNK금융지주,"14,410",하락 250,-1.71%,"451,142","6,513","44,718"
SKC,"86,300","상승 2,900",+3.48%,"50,633","4,378","42,803"
DB하이텍,"96,000","상승 2,400",+2.56%,"98,452","9,416","41,764"
현대해상,"48,950","하락 1,050",-2.10%,"286,068","13,975","41,729"
KCC,"473,500","상승 36,000",+8.23%,"18,411","8,561","40,687"
한화엔진,"47,150",상승 800,+1.73%,"218,767","10,350","39,345"
신세계,"407,500","상승 7,000",+1.75%,"25,174","10,261","38,489"
현대제철,"28,650",상승 600,+2.14%,"183,140","5,292","38,232"
CJ,"125,000","상승 2,200",+1.79%,"48,947","6,126","36,471"
한온시스템,"3,545",상승 55,+1.58%,"1,336,010","4,733","36,381"
한전기술,"94,900","상승 1,400",+1.50%,"22,928","2,183","36,271"
영원무역,"75,900","하락 1,200",-1.56%,"36,881","2,819","33,632"
한국가스공사,"36,300",상승 50,+0.14%,"34,136","1,238","33,510"
한올바이오파마,"62,400","상승 3,200",+5.41%,"265,354","16,220","32,598"
넷마블,"38,050",상승 700,+1.87%,"64,246","2,441","31,642"
한국콜마,"133,500","상승 5,700",+4.46%,"234,852","31,182","31,513"
팬오션,"5,860",하락 150,-2.50%,"1,286,147","7,610","31,326"
포스코DX,"20,400",상승 520,+2.62%,"87,311","1,795","31,015"
금호석유화학,"122,300","하락 1,300",-1.05%,"31,421","3,885","30,767"
강원랜드,"14,380",상승 90,+0.63%,"134,686","1,934","30,765"
SK바이오사이언스,"38,400","상승 2,600",+7.26%,"125,709","4,775","30,127"
한미사이언스,"44,050","하락 1,100",-2.44%,"75,957","3,374","30,126"
코스맥스,"258,500","상승 12,500",+5.08%,"82,404","21,164","29,338"
에스원,"75,600","하락 1,400",-1.82%,"18,302","1,387","28,727"
현대엘리베이터,"73,300",하락 900,-1.21%,"80,784","5,916","28,655"
DN오토모티브,"47,850","하락 6,250",-11.55%,"356,427","17,544","27,997"
DL이앤씨,"72,200",상승 400,+0.56%,"131,224","9,551","27,937"
CJ제일제당,"185,200","상승 5,100",+2.83%,"88,729","16,660","27,880"
롯데쇼핑,"97,600",상승 500,+0.51%,"29,679","2,915","27,610"
달바글로벌,"218,500",상승 500,+0.23%,"56,204","12,304","27,299"
농심,"445,000","상승 12,500",+2.89%,"24,435","10,822","27,068"
iM금융지주,"17,100",하락 260,-1.50%,"88,248","1,505","27,080"
에코프로머티,"37,300",상승 400,+1.08%,"169,927","6,438","26,414"
동서,"25,700",보합 0,0.00%,"25,541",656,"25,623"
HL만도,"53,900","상승 1,900",+3.65%,"200,666","10,781","25,310"
에스엘,"54,400",하락 400,-0.73%,"41,018","2,232","25,268"
BGF리테일,"142,500",하락 300,-0.21%,"51,106","7,293","24,630"
F&F,"62,500",하락 400,-0.64%,"17,042","1,070","23,942"
롯데케미칼,"54,500",상승 800,+1.49%,"35,074","1,924","23,313"
롯데지주,"22,950",상승 300,+1.32%,"52,173","1,206","22,873"
한국앤컴퍼니,"23,800",하락 350,-1.45%,"38,874",930,"22,595"
GS리테일,"26,925",상승 25,+0.09%,"36,925",993,"22,511"
풍산,"80,100",상승 900,+1.14%,"35,311","2,824","22,447"
한솔케미칼,"205,000","상승 2,500",+1.23%,"15,303","3,130","22,128"
미스토홀딩스,"41,600","하락 1,450",-3.37%,"65,017","2,729","22,086"
영원무역홀딩스,"169,000","하락 5,500",-3.15%,"4,709",809,"21,892"
제일기획,"18,810",상승 60,+0.32%,"94,300","1,775","21,639"
금호타이어,"7,530",하락 70,-0.92%,"2,686,297","20,188","21,631"
현대백화점,"94,800",보합 0,0.00%,"42,880","4,089","20,444"
한전KPS,"45,200",하락 100,-0.22%,"49,862","2,253","20,340"
씨에스윈드,"47,900","상승 1,950",+4.24%,"237,539","11,261","20,200"
이마트,"73,100",상승 600,+0.83%,"45,221","3,323","20,173"
아모레퍼시픽홀딩스,"25,950",상승 800,+3.18%,"51,157","1,322","19,841"
이수스페셜티케미컬,"64,000",상승 800,+1.27%,"37,884","2,453","19,340"
HD현대마린엔진,"54,500",상승 400,+0.74%,"26,876","1,471","18,487"
CJ대한통운,"74,000","상승 1,000",+1.37%,"11,093",820,"16,881"
호텔신라,"43,000",상승 650,+1.53%,"68,235","2,943","16,877"
동원산업,"37,850","상승 1,050",+2.85%,"23,789",899,"16,707"
현대위아,"61,400",보합 0,0.00%,"28,274","1,736","16,698"
코오롱인더,"55,000",상승 500,+0.92%,"63,415","3,502","16,470"
오리온홀딩스,"25,550",상승 150,+0.59%,"52,697","1,368","15,370"
세아베스틸지주,"41,800",하락 900,-2.11%,"49,695","2,112","14,990"
녹십자,"125,700","상승 4,700",+3.88%,"44,752","5,648","14,690"
효성티앤씨,"327,500","상승 5,500",+1.71%,"6,081","1,986","14,173"
대웅제약,"120,400","상승 2,100",+1.78%,"13,123","1,585","13,950"
후성,"12,520",상승 10,+0.08%,"1,271,328","16,197","13,428"
오뚜기,"324,500","상승 4,500",+1.41%,"3,521","1,154","13,005"
한국카본,"23,600",하락 50,-0.21%,"135,551","3,237","12,196"
SK아이이테크놀로지,"14,620",상승 190,+1.32%,"72,070","1,072","11,957"
더블유게임즈,"56,200","하락 1,500",-2.60%,"42,111","2,385","11,899"
롯데웰푸드,"126,500","상승 3,100",+2.51%,"13,926","1,764","11,644"
롯데정밀화학,"44,700",하락 650,-1.43%,"29,691","1,345","11,533"
한일시멘트,"15,490",상승 300,+1.97%,"77,304","1,194","11,392"
하이트진로,"15,170",상승 60,+0.40%,"43,222",657,"10,639"
DL,"50,100",보합 0,0.00%,"14,062",710,"10,499"
태광산업,"883,000","하락 2,000",-0.23%,"1,033",920,"9,831"
대웅,"16,890",상승 330,+1.99%,"22,361",377,"9,820"
종근당,"67,700",상승 500,+0.74%,"8,061",545,"9,344"
한샘,"38,700",하락 750,-1.90%,"17,010",662,"9,108"
롯데칠성,"97,600","상승 1,000",+1.04%,"6,491",635,"9,056"
파라다이스,"9,565",상승 105,+1.11%,"184,144","1,767","8,860"
SK케미칼,"49,900","상승 1,900",+3.96%,"35,175","1,741","8,632"
지역난방공사,"72,700",하락 300,-0.41%,"4,351",317,"8,418"
HS효성첨단소재,"166,900","상승 2,300",+1.40%,"3,993",670,"7,477"
에스디바이오센서,"6,000",상승 30,+0.50%,"69,400",418,"7,245"
영풍,"39,150","상승 1,750",+4.68%,"24,806",966,"7,208"
OCI,"79,900",상승 200,+0.25%,"16,163","1,300","7,153"
TKG휴켐스,"15,830",하락 80,-0.50%,"20,116",320,"6,471"
미원에스씨,"125,800","하락 1,800",-1.41%,993,125,"6,290"
대상,"17,470",상승 220,+1.28%,"68,565","1,196","6,053"
동원시스템즈,"20,750",상승 300,+1.47%,"43,018",903,"6,016"
미원상사,"121,900","하락 7,400",-5.72%,"3,678",458,"5,486"
대한유화,"82,400",상승 400,+0.49%,"9,317",778,"5,356"
세아제강지주,"102,100","상승 3,700",+3.76%,"14,104","1,460","4,229"
코스모화학,"10,530",상승 170,+1.64%,"32,121",343,"4,044"
율촌화학,"15,730",상승 30,+0.19%,"35,165",554,"3,901"
아세아,"182,800",하락 500,-0.27%,"5,388","1,002","3,764"
